Campaign,Ad Group,Keyword,Match Type,Max CPC,Final URL,Status
Aku Satisi ve Degisimi - Mersin,Aku Fiyatlari - Genel,akü fiyatları,Phrase,3.00,https://gokalplastikcilik.com/hizmetler/aku-satisi-degisimi,Enabled
Aku Satisi ve Degisimi - Mersin,Aku Fiyatlari - Genel,akü fiyatları mersin,Phrase,3.00,https://gokalplastikcilik.com/hizmetler/aku-satisi-degisimi,Enabled
Aku Satisi ve Degisimi - Mersin,Aku Fiyatlari - Genel,oto akü fiyatları,Phrase,3.00,https://gokalplastikcilik.com/hizmetler/aku-satisi-degisimi,Enabled
Aku Satisi ve Degisimi - Mersin,Aku Fiyatlari - Genel,akü satışı,Broad,2.50,https://gokalplastikcilik.com/hizmetler/aku-satisi-degisimi,Enabled
Aku Satisi ve Degisimi - Mersin,Aku Fiyatlari - Genel,akü satışı mersin,Phrase,3.50,https://gokalplastikcilik.com/hizmetler/aku-satisi-degisimi,Enabled
Aku Satisi ve Degisimi - Mersin,Aku Fiyatlari - Genel,araba aküsü fiyatları,Phrase,3.00,https://gokalplastikcilik.com/hizmetler/aku-satisi-degisimi,Enabled
Aku Satisi ve Degisimi - Mersin,Aku Fiyatlari - Genel,akü satan yerler,Phrase,2.50,https://gokalplastikcilik.com/hizmetler/aku-satisi-degisimi,Enabled
Aku Satisi ve Degisimi - Mersin,Aku Fiyatlari - Genel,mersin akü satan yerler,Exact,3.50,https://gokalplastikcilik.com/hizmetler/aku-satisi-degisimi,Enabled
Aku Satisi ve Degisimi - Mersin,Aku Fiyatlari - Genel,akü nereden alınır,Broad,2.00,https://gokalplastikcilik.com/hizmetler/aku-satisi-degisimi,Enabled
Aku Satisi ve Degisimi - Mersin,Aku Fiyatlari - Genel,ucuz akü mersin,Phrase,3.00,https://gokalplastikcilik.com/hizmetler/aku-satisi-degisimi,Enabled
Aku Satisi ve Degisimi - Mersin,Bosch Aku,bosch akü fiyatları,Phrase,3.50,https://gokalplastikcilik.com/hizmetler/aku-satisi-degisimi,Enabled
Aku Satisi ve Degisimi - Mersin,Bosch Aku,bosch akü,Broad,3.00,https://gokalplastikcilik.com/hizmetler/aku-satisi-degisimi,Enabled
Aku Satisi ve Degisimi - Mersin,Bosch Aku,bosch akü bayi,Phrase,3.50,https://gokalplastikcilik.com/hizmetler/aku-satisi-degisimi,Enabled
Aku Satisi ve Degisimi - Mersin,Bosch Aku,bosch akü bayi mersin,Exact,4.00,https://gokalplastikcilik.com/hizmetler/aku-satisi-degisimi,Enabled
Aku Satisi ve Degisimi - Mersin,Bosch Aku,bosch akü servisi,Phrase,3.50,https://gokalplastikcilik.com/hizmetler/aku-satisi-degisimi,Enabled
Aku Satisi ve Degisimi - Mersin,Bosch Aku,bosch akü yetkili servis mersin,Exact,4.00,https://gokalplastikcilik.com/hizmetler/aku-satisi-degisimi,Enabled
Aku Satisi ve Degisimi - Mersin,Bosch Aku,bosch oto akü,Broad,3.00,https://gokalplastikcilik.com/hizmetler/aku-satisi-degisimi,Enabled
Aku Satisi ve Degisimi - Mersin,Bosch Aku,bosch akü fiyat listesi,Phrase,3.00,https://gokalplastikcilik.com/hizmetler/aku-satisi-degisimi,Enabled
Aku Satisi ve Degisimi - Mersin,Aku Degisimi - Yerinde Servis,akü değişimi,Broad,3.00,https://gokalplastikcilik.com/hizmetler/aku-satisi-degisimi,Enabled
Aku Satisi ve Degisimi - Mersin,Aku Degisimi - Yerinde Servis,akü değişimi mersin,Phrase,3.50,https://gokalplastikcilik.com/hizmetler/aku-satisi-degisimi,Enabled
Aku Satisi ve Degisimi - Mersin,Aku Degisimi - Yerinde Servis,yerinde akü değişimi,Phrase,3.50,https://gokalplastikcilik.com/hizmetler/aku-satisi-degisimi,Enabled
Aku Satisi ve Degisimi - Mersin,Aku Degisimi - Yerinde Servis,yerinde akü değişimi mersin,Exact,4.00,https://gokalplastikcilik.com/hizmetler/aku-satisi-degisimi,Enabled
Aku Satisi ve Degisimi - Mersin,Aku Degisimi - Yerinde Servis,akü değişim servisi,Phrase,3.00,https://gokalplastikcilik.com/hizmetler/aku-satisi-degisimi,Enabled
Aku Satisi ve Degisimi - Mersin,Aku Degisimi - Yerinde Servis,akü montajı,Broad,2.50,https://gokalplastikcilik.com/hizmetler/aku-satisi-degisimi,Enabled
Aku Satisi ve Degisimi - Mersin,Aku Degisimi - Yerinde Servis,eve gelen akü servisi mersin,Exact,4.00,https://gokalplastikcilik.com/hizmetler/aku-satisi-degisimi,Enabled
Aku Satisi ve Degisimi - Mersin,Aku Degisimi - Yerinde Servis,akü değiştirme fiyatı,Phrase,3.00,https://gokalplastikcilik.com/hizmetler/aku-satisi-degisimi,Enabled
Aku Satisi ve Degisimi - Mersin,Start-Stop AGM Aku,start stop akü,Phrase,3.00,https://gokalplastikcilik.com/hizmetler/aku-satisi-degisimi,Enabled
Aku Satisi ve Degisimi - Mersin,Start-Stop AGM Aku,start stop akü fiyatları,Phrase,3.00,https://gokalplastikcilik.com/hizmetler/aku-satisi-degisimi,Enabled
Aku Satisi ve Degisimi - Mersin,Start-Stop AGM Aku,agm akü,Broad,2.50,https://gokalplastikcilik.com/hizmetler/aku-satisi-degisimi,Enabled
Aku Satisi ve Degisimi - Mersin,Start-Stop AGM Aku,agm akü fiyatları,Phrase,3.00,https://gokalplastikcilik.com/hizmetler/aku-satisi-degisimi,Enabled
Aku Satisi ve Degisimi - Mersin,Start-Stop AGM Aku,efb akü,Broad,2.50,https://gokalplastikcilik.com/hizmetler/aku-satisi-degisimi,Enabled
Aku Satisi ve Degisimi - Mersin,Start-Stop AGM Aku,efb akü fiyatları,Phrase,3.00,https://gokalplastikcilik.com/hizmetler/aku-satisi-degisimi,Enabled
Aku Satisi ve Degisimi - Mersin,Start-Stop AGM Aku,start stop akü mersin,Exact,3.50,https://gokalplastikcilik.com/hizmetler/aku-satisi-degisimi,Enabled
