Campaign,Keyword,Match Type,Level
Aku Satisi ve Degisimi - Mersin,ikinci el,Phrase,Campaign
Aku Satisi ve Degisimi - Mersin,kullanılmış akü,Phrase,Campaign
Aku Satisi ve Degisimi - Mersin,akü şarj cihazı,Phrase,Campaign
Aku Satisi ve Degisimi - Mersin,akü şarj aleti,Phrase,Campaign
Aku Satisi ve Degisimi - Mersin,powerbank,Broad,Campaign
Aku Satisi ve Degisimi - Mersin,telefon aküsü,Phrase,Campaign
Aku Satisi ve Degisimi - Mersin,laptop aküsü,Phrase,Campaign
Aku Satisi ve Degisimi - Mersin,bilgisayar aküsü,Phrase,Campaign
Aku Satisi ve Degisimi - Mersin,akü nasıl yapılır,Phrase,Campaign
Aku Satisi ve Degisimi - Mersin,akü nedir,Phrase,Campaign
Aku Satisi ve Degisimi - Mersin,akü tamiri,Phrase,Campaign
Aku Satisi ve Degisimi - Mersin,akü doldurma,Phrase,Campaign
Aku Satisi ve Degisimi - Mersin,akü takviyesi,Phrase,Campaign
Aku Satisi ve Degisimi - Mersin,yol yardım,Phrase,Campaign
Aku Satisi ve Degisimi - Mersin,bayilik başvurusu,Phrase,Campaign
Aku Satisi ve Degisimi - Mersin,iş ilanı,Phrase,Campaign
Aku Satisi ve Degisimi - Mersin,ücretsiz akü,Phrase,Campaign
Aku Satisi ve Degisimi - Mersin,akü fiyatları nedir,Phrase,Campaign
Aku Satisi ve Degisimi - Mersin,youtube,Broad,Campaign
Aku Satisi ve Degisimi - Mersin,resim,Broad,Campaign
